{
  "cod": "200",
  "message": 0,
  "cnt": 40,
  "list": [
    {
      "dt": 1583290800,
      "main": {
        "temp": 37.99,
        "feels_like": 30.83,
        "temp_min": 34.66,
        "temp_max": 37.99,
        "pressure": 1023,
        "sea_level": 1023,
        "grnd_level": 864,
        "humidity": 80,
        "temp_kf": 1.85
      },
      "weather": [
        {
          "id": 800,
          "main": "Clear",
          "description": "clear sky",
          "icon": "01n"
        }
      ],
      "clouds": {
        "all": 0
      },
      "wind": {
        "speed": 6.46,
        "deg": 105
      },
      "sys": {
        "pod": "n"
      },
      "dt_txt": "2020-03-04 03:00:00"
    },
    {
      "dt": 1583301600,
      "main": {
        "temp": 35.8,
        "feels_like": 28.51,
        "temp_min": 33.3,
        "temp_max": 35.8,
        "pressure": 1025,
        "sea_level": 1025,
        "grnd_level": 865,
        "humidity": 77,
        "temp_kf": 1.39
      },
      "weather": [
        {
          "id": 801,
          "main": "Clouds",
          "description": "few clouds",
          "icon": "02n"
        }
      ],
      "clouds": {
        "all": 18
      },
      "wind": {
        "speed": 5.93,
        "deg": 99
      },
      "sys": {
        "pod": "n"
      },
      "dt_txt": "2020-03-04 06:00:00"
    },
    {
      "dt": 1583312400,
      "main": {
        "temp": 33.98,
        "feels_like": 26.49,
        "temp_min": 32.32,
        "temp_max": 33.98,
        "pressure": 1025,
        "sea_level": 1025,
        "grnd_level": 865,
        "humidity": 73,
        "temp_kf": 0.92
      },
      "weather": [
        {
          "id": 800,
          "main": "Clear",
          "description": "clear sky",
          "icon": "01n"
        }
      ],
      "clouds": {
        "all": 0
      },
      "wind": {
        "speed": 5.59,
        "deg": 108
      },
      "sys": {
        "pod": "n"
      },
      "dt_txt": "2020-03-04 09:00:00"
    },
    {
      "dt": 1583323200,
      "main": {
        "temp": 32.5,
        "feels_like": 25.21,
        "temp_min": 31.68,
        "temp_max": 32.5,
        "pressure": 1025,
        "sea_level": 1025,
        "grnd_level": 864,
        "humidity": 72,
        "temp_kf": 0.46
      },
      "weather": [
        {
          "id": 800,
          "main": "Clear",
          "description": "clear sky",
          "icon": "01n"
        }
      ],
      "clouds": {
        "all": 0
      },
      "wind": {
        "speed": 4.9,
        "deg": 109
      },
      "sys": {
        "pod": "n"
      },
      "dt_txt": "2020-03-04 12:00:00"
    },
    {
      "dt": 1583334000,
      "main": {
        "temp": 33.96,
        "feels_like": 26.62,
        "temp_min": 33.96,
        "temp_max": 33.96,
        "pressure": 1025,
        "sea_level": 1025,
        "grnd_level": 865,
        "humidity": 69,
        "temp_kf": 0
      },
      "weather": [
        {
          "id": 800,
          "main": "Clear",
          "description": "clear sky",
          "icon": "01d"
        }
      ],
      "clouds": {
        "all": 0
      },
      "wind": {
        "speed": 5.08,
        "deg": 126
      },
      "sys": {
        "pod": "d"
      },
      "dt_txt": "2020-03-04 15:00:00"
    },
    {
      "dt": 1583344800,
      "main": {
        "temp": 40.48,
        "feels_like": 32.65,
        "temp_min": 40.48,
        "temp_max": 40.48,
        "pressure": 1023,
        "sea_level": 1023,
        "grnd_level": 865,
        "humidity": 64,
        "temp_kf": 0
      },
      "weather": [
        {
          "id": 800,
          "main": "Clear",
          "description": "clear sky",
          "icon": "01d"
        }
      ],
      "clouds": {
        "all": 0
      },
      "wind": {
        "speed": 6.87,
        "deg": 165
      },
      "sys": {
        "pod": "d"
      },
      "dt_txt": "2020-03-04 18:00:00"
    },
    {
      "dt": 1583355600,
      "main": {
        "temp": 42.84,
        "feels_like": 35.37,
        "temp_min": 42.84,
        "temp_max": 42.84,
        "pressure": 1022,
        "sea_level": 1022,
        "grnd_level": 865,
        "humidity": 61,
        "temp_kf": 0
      },
      "weather": [
        {
          "id": 800,
          "main": "Clear",
          "description": "clear sky",
          "icon": "01d"
        }
      ],
      "clouds": {
        "all": 0
      },
      "wind": {
        "speed": 6.49,
        "deg": 150
      },
      "sys": {
        "pod": "d"
      },
      "dt_txt": "2020-03-04 21:00:00"
    },
    {
      "dt": 1583366400,
      "main": {
        "temp": 42.84,
        "feels_like": 34.36,
        "temp_min": 42.84,
        "temp_max": 42.84,
        "pressure": 1022,
        "sea_level": 1022,
        "grnd_level": 865,
        "humidity": 63,
        "temp_kf": 0
      },
      "weather": [
        {
          "id": 800,
          "main": "Clear",
          "description": "clear sky",
          "icon": "01d"
        }
      ],
      "clouds": {
        "all": 0
      },
      "wind": {
        "speed": 8.48,
        "deg": 119
      },
      "sys": {
        "pod": "d"
      },
      "dt_txt": "2020-03-05 00:00:00"
    },
    {
      "dt": 1583377200,
      "main": {
        "temp": 40.05,
        "feels_like": 31.64,
        "temp_min": 40.05,
        "temp_max": 40.05,
        "pressure": 1024,
        "sea_level": 1024,
        "grnd_level": 865,
        "humidity": 64,
        "temp_kf": 0
      },
      "weather": [
        {
          "id": 800,
          "main": "Clear",
          "description": "clear sky",
          "icon": "01n"
        }
      ],
      "clouds": {
        "all": 0
      },
      "wind": {
        "speed": 7.81,
        "deg": 130
      },
      "sys": {
        "pod": "n"
      },
      "dt_txt": "2020-03-05 03:00:00"
    },
    {
      "dt": 1583388000,
      "main": {
        "temp": 39.83,
        "feels_like": 31.05,
        "temp_min": 39.83,
        "temp_max": 39.83,
        "pressure": 1025,
        "sea_level": 1025,
        "grnd_level": 866,
        "humidity": 59,
        "temp_kf": 0
      },
      "weather": [
        {
          "id": 800,
          "main": "Clear",
          "description": "clear sky",
          "icon": "01n"
        }
      ],
      "clouds": {
        "all": 0
      },
      "wind": {
        "speed": 8.01,
        "deg": 135
      },
      "sys": {
        "pod": "n"
      },
      "dt_txt": "2020-03-05 06:00:00"
    },
    {
      "dt": 1583398800,
      "main": {
        "temp": 39.33,
        "feels_like": 30.65,
        "temp_min": 39.33,
        "temp_max": 39.33,
        "pressure": 1026,
        "sea_level": 1026,
        "grnd_level": 867,
        "humidity": 58,
        "temp_kf": 0
      },
      "weather": [
        {
          "id": 800,
          "main": "Clear",
          "description": "clear sky",
          "icon": "01n"
        }
      ],
      "clouds": {
        "all": 0
      },
      "wind": {
        "speed": 7.61,
        "deg": 127
      },
      "sys": {
        "pod": "n"
      },
      "dt_txt": "2020-03-05 09:00:00"
    },
    {
      "dt": 1583409600,
      "main": {
        "temp": 38.53,
        "feels_like": 30.34,
        "temp_min": 38.53,
        "temp_max": 38.53,
        "pressure": 1027,
        "sea_level": 1027,
        "grnd_level": 867,
        "humidity": 59,
        "temp_kf": 0
      },
      "weather": [
        {
          "id": 800,
          "main": "Clear",
          "description": "clear sky",
          "icon": "01n"
        }
      ],
      "clouds": {
        "all": 0
      },
      "wind": {
        "speed": 6.69,
        "deg": 123
      },
      "sys": {
        "pod": "n"
      },
      "dt_txt": "2020-03-05 12:00:00"
    },
    {
      "dt": 1583420400,
      "main": {
        "temp": 39.31,
        "feels_like": 31.3,
        "temp_min": 39.31,
        "temp_max": 39.31,
        "pressure": 1027,
        "sea_level": 1027,
        "grnd_level": 867,
        "humidity": 57,
        "temp_kf": 0
      },
      "weather": [
        {
          "id": 800,
          "main": "Clear",
          "description": "clear sky",
          "icon": "01d"
        }
      ],
      "clouds": {
        "all": 0
      },
      "wind": {
        "speed": 6.35,
        "deg": 119
      },
      "sys": {
        "pod": "d"
      },
      "dt_txt": "2020-03-05 15:00:00"
    },
    {
      "dt": 1583431200,
      "main": {
        "temp": 46.78,
        "feels_like": 38.35,
        "temp_min": 46.78,
        "temp_max": 46.78,
        "pressure": 1026,
        "sea_level": 1026,
        "grnd_level": 868,
        "humidity": 52,
        "temp_kf": 0
      },
      "weather": [
        {
          "id": 800,
          "main": "Clear",
          "description": "clear sky",
          "icon": "01d"
        }
      ],
      "clouds": {
        "all": 0
      },
      "wind": {
        "speed": 8.14,
        "deg": 144
      },
      "sys": {
        "pod": "d"
      },
      "dt_txt": "2020-03-05 18:00:00"
    },
    {
      "dt": 1583442000,
      "main": {
        "temp": 49.23,
        "feels_like": 41.09,
        "temp_min": 49.23,
        "temp_max": 49.23,
        "pressure": 1024,
        "sea_level": 1024,
        "grnd_level": 867,
        "humidity": 50,
        "temp_kf": 0
      },
      "weather": [
        {
          "id": 800,
          "main": "Clear",
          "description": "clear sky",
          "icon": "01d"
        }
      ],
      "clouds": {
        "all": 0
      },
      "wind": {
        "speed": 7.94,
        "deg": 139
      },
      "sys": {
        "pod": "d"
      },
      "dt_txt": "2020-03-05 21:00:00"
    },
    {
      "dt": 1583452800,
      "main": {
        "temp": 48.67,
        "feels_like": 40.6,
        "temp_min": 48.67,
        "temp_max": 48.67,
        "pressure": 1022,
        "sea_level": 1022,
        "grnd_level": 865,
        "humidity": 52,
        "temp_kf": 0
      },
      "weather": [
        {
          "id": 800,
          "main": "Clear",
          "description": "clear sky",
          "icon": "01d"
        }
      ],
      "clouds": {
        "all": 0
      },
      "wind": {
        "speed": 7.94,
        "deg": 111
      },
      "sys": {
        "pod": "d"
      },
      "dt_txt": "2020-03-06 00:00:00"
    },
    {
      "dt": 1583463600,
      "main": {
        "temp": 43.99,
        "feels_like": 35.1,
        "temp_min": 43.99,
        "temp_max": 43.99,
        "pressure": 1023,
        "sea_level": 1023,
        "grnd_level": 865,
        "humidity": 50,
        "temp_kf": 0
      },
      "weather": [
        {
          "id": 800,
          "main": "Clear",
          "description": "clear sky",
          "icon": "01n"
        }
      ],
      "clouds": {
        "all": 8
      },
      "wind": {
        "speed": 8.14,
        "deg": 99
      },
      "sys": {
        "pod": "n"
      },
      "dt_txt": "2020-03-06 03:00:00"
    },
    {
      "dt": 1583474400,
      "main": {
        "temp": 42.4,
        "feels_like": 32.18,
        "temp_min": 42.4,
        "temp_max": 42.4,
        "pressure": 1023,
        "sea_level": 1023,
        "grnd_level": 864,
        "humidity": 49,
        "temp_kf": 0
      },
      "weather": [
        {
          "id": 801,
          "main": "Clouds",
          "description": "few clouds",
          "icon": "02n"
        }
      ],
      "clouds": {
        "all": 14
      },
      "wind": {
        "speed": 10.13,
        "deg": 99
      },
      "sys": {
        "pod": "n"
      },
      "dt_txt": "2020-03-06 06:00:00"
    },
    {
      "dt": 1583485200,
      "main": {
        "temp": 41.9,
        "feels_like": 31.24,
        "temp_min": 41.9,
        "temp_max": 41.9,
        "pressure": 1022,
        "sea_level": 1022,
        "grnd_level": 864,
        "humidity": 50,
        "temp_kf": 0
      },
      "weather": [
        {
          "id": 804,
          "main": "Clouds",
          "description": "overcast clouds",
          "icon": "04n"
        }
      ],
      "clouds": {
        "all": 86
      },
      "wind": {
        "speed": 10.89,
        "deg": 109
      },
      "sys": {
        "pod": "n"
      },
      "dt_txt": "2020-03-06 09:00:00"
    },
    {
      "dt": 1583496000,
      "main": {
        "temp": 41.63,
        "feels_like": 31.14,
        "temp_min": 41.63,
        "temp_max": 41.63,
        "pressure": 1021,
        "sea_level": 1021,
        "grnd_level": 863,
        "humidity": 49,
        "temp_kf": 0
      },
      "weather": [
        {
          "id": 803,
          "main": "Clouds",
          "description": "broken clouds",
          "icon": "04n"
        }
      ],
      "clouds": {
        "all": 80
      },
      "wind": {
        "speed": 10.47,
        "deg": 115
      },
      "sys": {
        "pod": "n"
      },
      "dt_txt": "2020-03-06 12:00:00"
    },
    {
      "dt": 1583506800,
      "main": {
        "temp": 41.83,
        "feels_like": 31.73,
        "temp_min": 41.83,
        "temp_max": 41.83,
        "pressure": 1021,
        "sea_level": 1021,
        "grnd_level": 862,
        "humidity": 51,
        "temp_kf": 0
      },
      "weather": [
        {
          "id": 802,
          "main": "Clouds",
          "description": "scattered clouds",
          "icon": "03d"
        }
      ],
      "clouds": {
        "all": 30
      },
      "wind": {
        "speed": 10,
        "deg": 115
      },
      "sys": {
        "pod": "d"
      },
      "dt_txt": "2020-03-06 15:00:00"
    },
    {
      "dt": 1583517600,
      "main": {
        "temp": 49.35,
        "feels_like": 39.02,
        "temp_min": 49.35,
        "temp_max": 49.35,
        "pressure": 1019,
        "sea_level": 1019,
        "grnd_level": 862,
        "humidity": 46,
        "temp_kf": 0
      },
      "weather": [
        {
          "id": 802,
          "main": "Clouds",
          "description": "scattered clouds",
          "icon": "03d"
        }
      ],
      "clouds": {
        "all": 49
      },
      "wind": {
        "speed": 11.36,
        "deg": 137
      },
      "sys": {
        "pod": "d"
      },
      "dt_txt": "2020-03-06 18:00:00"
    },
    {
      "dt": 1583528400,
      "main": {
        "temp": 52.34,
        "feels_like": 41.9,
        "temp_min": 52.34,
        "temp_max": 52.34,
        "pressure": 1015,
        "sea_level": 1015,
        "grnd_level": 860,
        "humidity": 41,
        "temp_kf": 0
      },
      "weather": [
        {
          "id": 804,
          "main": "Clouds",
          "description": "overcast clouds",
          "icon": "04d"
        }
      ],
      "clouds": {
        "all": 99
      },
      "wind": {
        "speed": 11.52,
        "deg": 165
      },
      "sys": {
        "pod": "d"
      },
      "dt_txt": "2020-03-06 21:00:00"
    },
    {
      "dt": 1583539200,
      "main": {
        "temp": 51.46,
        "feels_like": 42.84,
        "temp_min": 51.46,
        "temp_max": 51.46,
        "pressure": 1013,
        "sea_level": 1013,
        "grnd_level": 858,
        "humidity": 44,
        "temp_kf": 0
      },
      "weather": [
        {
          "id": 804,
          "main": "Clouds",
          "description": "overcast clouds",
          "icon": "04d"
        }
      ],
      "clouds": {
        "all": 87
      },
      "wind": {
        "speed": 8.52,
        "deg": 143
      },
      "sys": {
        "pod": "d"
      },
      "dt_txt": "2020-03-07 00:00:00"
    },
    {
      "dt": 1583550000,
      "main": {
        "temp": 46.31,
        "feels_like": 36.77,
        "temp_min": 46.31,
        "temp_max": 46.31,
        "pressure": 1013,
        "sea_level": 1013,
        "grnd_level": 857,
        "humidity": 50,
        "temp_kf": 0
      },
      "weather": [
        {
          "id": 800,
          "main": "Clear",
          "description": "clear sky",
          "icon": "01n"
        }
      ],
      "clouds": {
        "all": 9
      },
      "wind": {
        "speed": 9.78,
        "deg": 105
      },
      "sys": {
        "pod": "n"
      },
      "dt_txt": "2020-03-07 03:00:00"
    },
    {
      "dt": 1583560800,
      "main": {
        "temp": 43.81,
        "feels_like": 34.02,
        "temp_min": 43.81,
        "temp_max": 43.81,
        "pressure": 1013,
        "sea_level": 1013,
        "grnd_level": 857,
        "humidity": 52,
        "temp_kf": 0
      },
      "weather": [
        {
          "id": 802,
          "main": "Clouds",
          "description": "scattered clouds",
          "icon": "03n"
        }
      ],
      "clouds": {
        "all": 44
      },
      "wind": {
        "speed": 9.93,
        "deg": 111
      },
      "sys": {
        "pod": "n"
      },
      "dt_txt": "2020-03-07 06:00:00"
    },
    {
      "dt": 1583571600,
      "main": {
        "temp": 43.11,
        "feels_like": 32.14,
        "temp_min": 43.11,
        "temp_max": 43.11,
        "pressure": 1011,
        "sea_level": 1011,
        "grnd_level": 855,
        "humidity": 49,
        "temp_kf": 0
      },
      "weather": [
        {
          "id": 800,
          "main": "Clear",
          "description": "clear sky",
          "icon": "01n"
        }
      ],
      "clouds": {
        "all": 0
      },
      "wind": {
        "speed": 11.56,
        "deg": 129
      },
      "sys": {
        "pod": "n"
      },
      "dt_txt": "2020-03-07 09:00:00"
    },
    {
      "dt": 1583582400,
      "main": {
        "temp": 44.19,
        "feels_like": 31.82,
        "temp_min": 44.19,
        "temp_max": 44.19,
        "pressure": 1010,
        "sea_level": 1010,
        "grnd_level": 854,
        "humidity": 45,
        "temp_kf": 0
      },
      "weather": [
        {
          "id": 801,
          "main": "Clouds",
          "description": "few clouds",
          "icon": "02n"
        }
      ],
      "clouds": {
        "all": 14
      },
      "wind": {
        "speed": 13.85,
        "deg": 153
      },
      "sys": {
        "pod": "n"
      },
      "dt_txt": "2020-03-07 12:00:00"
    },
    {
      "dt": 1583593200,
      "main": {
        "temp": 44.35,
        "feels_like": 32.99,
        "temp_min": 44.35,
        "temp_max": 44.35,
        "pressure": 1009,
        "sea_level": 1009,
        "grnd_level": 853,
        "humidity": 50,
        "temp_kf": 0
      },
      "weather": [
        {
          "id": 803,
          "main": "Clouds",
          "description": "broken clouds",
          "icon": "04d"
        }
      ],
      "clouds": {
        "all": 58
      },
      "wind": {
        "speed": 12.62,
        "deg": 143
      },
      "sys": {
        "pod": "d"
      },
      "dt_txt": "2020-03-07 15:00:00"
    },
    {
      "dt": 1583604000,
      "main": {
        "temp": 50.07,
        "feels_like": 34.09,
        "temp_min": 50.07,
        "temp_max": 50.07,
        "pressure": 1007,
        "sea_level": 1007,
        "grnd_level": 853,
        "humidity": 43,
        "temp_kf": 0
      },
      "weather": [
        {
          "id": 803,
          "main": "Clouds",
          "description": "broken clouds",
          "icon": "04d"
        }
      ],
      "clouds": {
        "all": 79
      },
      "wind": {
        "speed": 21.16,
        "deg": 182
      },
      "sys": {
        "pod": "d"
      },
      "dt_txt": "2020-03-07 18:00:00"
    },
    {
      "dt": 1583614800,
      "main": {
        "temp": 50.97,
        "feels_like": 35.04,
        "temp_min": 50.97,
        "temp_max": 50.97,
        "pressure": 1005,
        "sea_level": 1005,
        "grnd_level": 852,
        "humidity": 44,
        "temp_kf": 0
      },
      "weather": [
        {
          "id": 804,
          "main": "Clouds",
          "description": "overcast clouds",
          "icon": "04d"
        }
      ],
      "clouds": {
        "all": 100
      },
      "wind": {
        "speed": 21.41,
        "deg": 200
      },
      "sys": {
        "pod": "d"
      },
      "dt_txt": "2020-03-07 21:00:00"
    },
    {
      "dt": 1583625600,
      "main": {
        "temp": 50.14,
        "feels_like": 36.82,
        "temp_min": 50.14,
        "temp_max": 50.14,
        "pressure": 1005,
        "sea_level": 1005,
        "grnd_level": 851,
        "humidity": 43,
        "temp_kf": 0
      },
      "weather": [
        {
          "id": 804,
          "main": "Clouds",
          "description": "overcast clouds",
          "icon": "04d"
        }
      ],
      "clouds": {
        "all": 100
      },
      "wind": {
        "speed": 16.44,
        "deg": 198
      },
      "sys": {
        "pod": "d"
      },
      "dt_txt": "2020-03-08 00:00:00"
    },
    {
      "dt": 1583636400,
      "main": {
        "temp": 42.37,
        "feels_like": 37.53,
        "temp_min": 42.37,
        "temp_max": 42.37,
        "pressure": 1006,
        "sea_level": 1006,
        "grnd_level": 851,
        "humidity": 63,
        "temp_kf": 0
      },
      "weather": [
        {
          "id": 804,
          "main": "Clouds",
          "description": "overcast clouds",
          "icon": "04n"
        }
      ],
      "clouds": {
        "all": 100
      },
      "wind": {
        "speed": 1.9,
        "deg": 20
      },
      "sys": {
        "pod": "n"
      },
      "dt_txt": "2020-03-08 03:00:00"
    },
    {
      "dt": 1583647200,
      "main": {
        "temp": 41.16,
        "feels_like": 33.28,
        "temp_min": 41.16,
        "temp_max": 41.16,
        "pressure": 1008,
        "sea_level": 1008,
        "grnd_level": 852,
        "humidity": 77,
        "temp_kf": 0
      },
      "weather": [
        {
          "id": 804,
          "main": "Clouds",
          "description": "overcast clouds",
          "icon": "04n"
        }
      ],
      "clouds": {
        "all": 100
      },
      "wind": {
        "speed": 8.32,
        "deg": 26
      },
      "sys": {
        "pod": "n"
      },
      "dt_txt": "2020-03-08 06:00:00"
    },
    {
      "dt": 1583658000,
      "main": {
        "temp": 37.78,
        "feels_like": 33.51,
        "temp_min": 37.78,
        "temp_max": 37.78,
        "pressure": 1009,
        "sea_level": 1009,
        "grnd_level": 852,
        "humidity": 89,
        "temp_kf": 0
      },
      "weather": [
        {
          "id": 500,
          "main": "Rain",
          "description": "light rain",
          "icon": "10n"
        }
      ],
      "clouds": {
        "all": 100
      },
      "wind": {
        "speed": 2.01,
        "deg": 357
      },
      "rain": {
        "3h": 0.94
      },
      "sys": {
        "pod": "n"
      },
      "dt_txt": "2020-03-08 09:00:00"
    },
    {
      "dt": 1583668800,
      "main": {
        "temp": 36.1,
        "feels_like": 26.98,
        "temp_min": 36.1,
        "temp_max": 36.1,
        "pressure": 1011,
        "sea_level": 1011,
        "grnd_level": 853,
        "humidity": 96,
        "temp_kf": 0
      },
      "weather": [
        {
          "id": 500,
          "main": "Rain",
          "description": "light rain",
          "icon": "10n"
        }
      ],
      "clouds": {
        "all": 100
      },
      "wind": {
        "speed": 10.69,
        "deg": 143
      },
      "rain": {
        "3h": 2.62
      },
      "sys": {
        "pod": "n"
      },
      "dt_txt": "2020-03-08 12:00:00"
    },
    {
      "dt": 1583679600,
      "main": {
        "temp": 32.38,
        "feels_like": 18.61,
        "temp_min": 32.38,
        "temp_max": 32.38,
        "pressure": 1014,
        "sea_level": 1014,
        "grnd_level": 856,
        "humidity": 96,
        "temp_kf": 0
      },
      "weather": [
        {
          "id": 601,
          "main": "Snow",
          "description": "snow",
          "icon": "13d"
        }
      ],
      "clouds": {
        "all": 100
      },
      "wind": {
        "speed": 17.94,
        "deg": 331
      },
      "snow": {
        "3h": 2.81
      },
      "sys": {
        "pod": "d"
      },
      "dt_txt": "2020-03-08 15:00:00"
    },
    {
      "dt": 1583690400,
      "main": {
        "temp": 36.66,
        "feels_like": 30.7,
        "temp_min": 36.66,
        "temp_max": 36.66,
        "pressure": 1016,
        "sea_level": 1016,
        "grnd_level": 858,
        "humidity": 69,
        "temp_kf": 0
      },
      "weather": [
        {
          "id": 600,
          "main": "Snow",
          "description": "light snow",
          "icon": "13d"
        }
      ],
      "clouds": {
        "all": 100
      },
      "wind": {
        "speed": 3.13,
        "deg": 92
      },
      "snow": {
        "3h": 0.69
      },
      "sys": {
        "pod": "d"
      },
      "dt_txt": "2020-03-08 18:00:00"
    },
    {
      "dt": 1583701200,
      "main": {
        "temp": 38.57,
        "feels_like": 33.48,
        "temp_min": 38.57,
        "temp_max": 38.57,
        "pressure": 1015,
        "sea_level": 1015,
        "grnd_level": 858,
        "humidity": 64,
        "temp_kf": 0
      },
      "weather": [
        {
          "id": 803,
          "main": "Clouds",
          "description": "broken clouds",
          "icon": "04d"
        }
      ],
      "clouds": {
        "all": 76
      },
      "wind": {
        "speed": 1.61,
        "deg": 249
      },
      "sys": {
        "pod": "d"
      },
      "dt_txt": "2020-03-08 21:00:00"
    },
    {
      "dt": 1583712000,
      "main": {
        "temp": 38.53,
        "feels_like": 33.28,
        "temp_min": 38.53,
        "temp_max": 38.53,
        "pressure": 1013,
        "sea_level": 1013,
        "grnd_level": 857,
        "humidity": 60,
        "temp_kf": 0
      },
      "weather": [
        {
          "id": 803,
          "main": "Clouds",
          "description": "broken clouds",
          "icon": "04d"
        }
      ],
      "clouds": {
        "all": 54
      },
      "wind": {
        "speed": 1.54,
        "deg": 8
      },
      "sys": {
        "pod": "d"
      },
      "dt_txt": "2020-03-09 00:00:00"
    }
  ],
  "city": {
    "id": 5780993,
    "name": "Salt Lake City",
    "coord": {
      "lat": 40.7608,
      "lon": -111.8911
    },
    "country": "US",
    "timezone": -25200,
    "sunrise": 1583243863,
    "sunset": 1583284879
  }
}